X,Y
-0.9843629433922608,1.123644001967303
-1.704704378461038,1.4753154162181525
0.7997593466242247,-0.759029084614323
-0.39166735432652194,0.5602728657201156
-0.8485167303961257,0.5577456038317331
0.4234589716689336,0.36514234775802284
0.3812138469883048,-0.8252736321991343
-0.13459378324833834,-0.37273218241604844
0.7147587506973935,-1.0591438021251662
0.6375366010642972,-0.33178547006830306
0.6774171214887801,-1.2781263094063802
1.2983391107810334,-0.21625569240578246
1.6820380669201962,-0.7091369474936873
0.7662750143753262,-1.1030375724199437
0.8210694668399301,-1.2493858872255494
0.4384857009042218,0.25532162221777627
-0.6128222291566361,0.16152744860709925
-0.11608310746832241,0.40420970450072735
-1.3092826610878192,1.0438842589507251
1.531238919743338,-2.6128247048652944
0.4559967372026851,-0.06344369065049327
1.2485437966337842,-0.5331273834593182
1.395470747241174,-0.12486999712390645
1.003211793407401,-1.3829798870279797
2.0351721087353,-2.1684230406359273
0.693944776776158,0.07170654926086847
-0.19519510490817824,0.2971857057497401
1.768482958673314,-1.5294475310198712
-0.39831682076043,0.6791973681673945
-0.08645229905325481,-0.05397617503923496
-0.5651332003047859,1.7987089602032624
0.45194414863280474,0.053215146866973116
1.3699524756915573,-0.7248927732649917
-0.3977041769552546,1.1551901207976223
-1.2291944952508194,1.6868888678637408
-0.43819483973495876,0.0026169077795435776
-0.5190606655424558,0.2623418295016983
-0.6662096961156172,0.6478570774832006
-1.6659203539581624,0.7497868654122869
0.34194387376634683,-0.39620315004326323
2.5232356892003445,-2.0408556954611745
0.20791278742251842,-1.1537133791141736
-0.47545677398264086,0.1466563324508577
0.013687727502052813,0.05364118941718951
0.7938805502814608,-0.16665026522373522
-0.5632220133176369,-0.8936513381564516
-0.782284371541882,1.7357037893532357
0.6798370793368251,-0.5129086143392674
-0.6850455431214726,0.46579172399540986
0.6167322913620275,-0.5700186002936172
-0.11114013591844277,0.6937723088605109
-0.4419470259196458,1.0255335471265246
0.4761033364838109,-0.46322406777277975
-0.6483148673680812,-1.0053286632779639
0.4948586682614215,-0.7673903274448504
-0.1880174768579359,1.5239563797313307
-0.2771872559595774,0.021892344784973566
0.21970609909552968,-1.0591606546231287
-1.4395786414701868,1.6890048575407297
1.132214143607369,-0.9274425593163108
0.8510445649190609,-0.3072863466044681
-0.2888515540755554,-0.23850969069926278
0.5353218527586737,-0.4597746279034806
-0.8784613044807522,0.8033720815053716
1.7620980567385158,-1.1358864045122943
0.06510120072451767,0.3675177785097764
1.5677684851914038,-1.039370525791827
1.0744329537350032,-0.9668880865039022
0.9266897565635327,-1.7402022314204744
0.8190558790072371,0.273651035224993
-0.09986858386030008,-0.3464172239405184
-0.33329243036488854,0.3525175151442448
0.16063605876643336,-0.4294266330747532
0.10807191453210685,0.15296170459143876
1.166257683974421,-1.4512670979024844
0.7614275262167405,-0.2646202396181816
0.10325478893759159,0.17971322857863722
0.6397658250411418,-0.20021589168953458
0.8700151214261514,-1.1912028472005096
-0.6277289880591629,-0.886613892260981
1.3882871752376256,-0.8334241951129989
-0.2672825857378044,0.9038186602265422
1.389291107208541,-1.5359897120660644
-1.4090994886651853,1.1737798285557053
0.14442762714859705,-0.5435770111027943
1.0275494842187185,-0.7165719641990888
0.05818986653523673,0.12763380784988648
-0.0702895149697215,0.6784245458086245
0.8042928696215333,-0.7160822682451086
0.06694887633351562,-1.384395292327598
1.020954757418081,-1.5049851515852064
-0.6668409618358783,1.8558028150191828
0.9455971099792846,-0.6183436477679125
0.7860843259623614,-1.2163008707496892
0.015507135175934104,-0.42808128665452855
0.2667244892550907,-0.9367639605256121
-0.5908579101550587,0.6195848617076584
1.0108410364216593,-0.32646870208054973
-0.6201632149783225,0.934838382366713
0.012721403839878354,0.4041159400444627
-1.0915907914533545,0.1904166309639341
1.3169147716882557,-0.6224119425534691
-0.65245214638183,0.6905174354483736
-0.44502601695359034,0.4324822638839114
1.1614062975560095,0.32742767039238735
1.7716895950868343,-2.367827521108171
-0.12422752251476844,0.7045035800966678
-0.2824123805141646,-0.39360789750243524
1.2157688384182919,-0.4694310503496497
1.3844264542782359,-2.6378019997103435
-1.7362380525422163,0.40725858039706536
-1.3450906050326183,1.0549202394767019
-1.4813493454852948,0.8565299293299186
1.9706510569805942,-3.2956703654952544
1.3033521524140517,-0.6166126915328509
0.48716659855067235,-0.6593194207666131
-0.7950706183506355,0.22274550513431257
0.8385517964197323,-1.034727552501036
1.8056615761638581,-0.8981551755294093
-0.15336368815750803,0.12178023407795482
0.7168222988818684,-0.5975036218090215
1.7824021173987077,-1.7426083388367692
2.0695508648647993,-1.1228909379010474
-0.5222538042629673,1.527191652760755
-0.43522406325287,-0.10934437651472258
1.02042581808106,-1.0903816286221162
-0.07607929369513702,-0.6306108661699948
0.7092637345506613,-0.4636468389518157
1.0903721531525925,-1.125727746926023
0.26462226102534964,-0.2588336807408487
-0.5854510909087425,0.8113343412650684
-1.181865356184378,0.8644957795414576
-0.5087089140986195,0.6900763969662554
2.128473952450097,-2.254948313238553
-0.1751371969049355,-0.19687312960331982
-0.98690182402217,0.3984239247327875
-0.8458628754951019,1.0211201342407485
2.370429286194755,-1.4676794998587837
-1.0618522530827288,1.3447608329634642
-2.5951828359285347,1.6080214071548593
-0.6399858953861349,1.5357835687117634
0.10423474285145325,0.8443893298083136
-2.118652870680792,0.6035882445765578
0.13061182210845912,0.6898491530276823
-0.3474234633824193,0.12567043704207512
0.26007225299963416,-0.4727599059501523
-0.07383342895353742,-0.6122069673007356
-1.286412586961983,1.5935542102760958
-1.3557693075653197,1.8482718273131138
-1.4232734164274288,0.5766028377925784
-1.099046966048651,-0.08295344236923832
-0.4455498963671475,0.8813192472734354
-0.6342369219907575,1.156384265294031
0.710858521955656,-1.1074507026935252
-1.0136672059773202,0.8555990110379675
-0.48740443294955627,0.9445229204102515
0.1343482529924251,-1.1908218056849353
-1.6276396635424628,-0.2419586906134303
0.6779449623620537,0.385627432888824
-0.0019961508080678565,-0.7525836861892238
0.5350151189296852,-0.058038183650449604
-0.3864991490736421,-0.0739848228651848
-1.8517059964008984,0.9998262410028275
0.4639563988902344,-1.0860584090227392
0.5088439699218122,0.5154903713661224
-1.2576274775093568,0.3026234745071715
1.0736875169983102,-0.5761642560023721
0.10945657938135836,0.37986683206619776
1.8886660389861056,-1.5613357111418225
-0.6970154472136585,0.664827776583278
-0.9868192577632423,1.861203443688889
-1.13946741693462,1.8202343538210042
0.976625909245147,0.255770535135046
-0.04647430767010126,0.18620636480820776
-0.4517622998617263,0.7272359754709242
-0.7179049121848301,0.3307045605663466
0.11603180205748834,-0.4590236476620994
0.14913095857318226,0.7376169227035465
0.7429472448727532,-0.638591860799508
0.7854139749109782,-0.7693101279316065
-0.13596843215628535,-0.6966100304882583
1.6179692533246064,-1.7318689094430633
-0.7888503870997657,1.0088645394464593
-1.2742987203924503,0.29478539029255907
0.25109772559082416,0.01742969568237911
-1.1335240125238184,1.0422721599753122
0.9856697243354182,-0.7432650387233755
0.014243776584294897,0.07199243279261412
-0.8187777854756582,-0.4696360746021122
-2.3147779561034976,1.8509308628366872
2.7138334043528918,-1.528522207703805
-1.8289866556827257,1.481633844339526
-0.4873254797270915,0.535110472716369
1.3927576483020003,-1.5056790321201172
0.9085063499412157,-1.0049490745369636
-0.0734651317261322,-0.8723838909517772
0.5346295036728519,-0.028782935003744965
0.7287948946433643,-0.37393642354358075
-0.5739467383835022,-0.08804102563752886
-0.7965888217850166,0.9783393012960304
-0.776969307857459,0.13441656501166707
0.20494967661932958,-0.7646866288410368
0.8453367730684843,-0.5345365860686381
-0.44734848473697464,0.08749365705929123
-0.3368749828867463,-0.05796736327575739
-0.20770335024391282,-0.28893737876104975
0.5451899972252997,-0.11938015144037105
0.2472451077830775,0.06976600302077994
-2.1880171677760196,1.651469255940479
0.33789984795260053,-0.19106698273345957
0.37306262459432254,-0.925801220628348
-0.7315277783789883,0.282098179101815
0.9142946039191363,-0.5071522067701687
-0.5708058577394082,0.7809015339020091
-0.23171212957189577,0.10895356675603897
0.3363595940800764,0.8406017297512159
1.3799559887048634,-2.2727691582447607
-1.086946838351551,-0.008658107782081311
-0.9567895304312999,0.08309524838922999
-1.3323458244734891,0.9656265859010968
-0.6513365152731013,0.5504805590203982
-0.08030835390797049,0.6342105830733389
0.10552853364920485,0.39997318176468843
-1.1121336343984687,0.6744579928632017
-0.08275420048966485,0.1635185128103278
-1.2468715405590167,0.6846915492901952
0.19507751551820227,0.7159093946073656
-0.9276887495161116,1.0770931765944216
-0.2171465953936397,0.3437137186236513
-0.03476274752334091,0.3083384036723691
-1.521151552044403,1.006927461960678
-1.8023420521724682,0.9945879995375375
1.0510772768659404,-0.869786040492229
0.8042192383062574,0.2373679535633871
-0.44386350897644,1.0197795667584688
-0.3879525334006493,0.4466388063683465
0.21584694414478078,-0.45239381666280787
-0.37156935818793996,-0.06612028131792774
-0.7040235605441137,0.5114812807802472
1.192864333273474,-0.563906379685123
-1.17523764854571,0.8831469939520573
0.2706866190567798,0.28807894939141016
-0.17862062861905362,0.2530087974827012
-0.7627566827710661,-0.39227396017368
-1.0210546940051848,1.731316484357285
-0.9778246091210995,1.106898896363838
1.3989818342483407,-1.056882833330584
0.43601426930642395,-0.07982945296564903
-0.7725471918434642,0.6355080734169535
-0.889496095543848,1.421541130348792
-0.5087830683329271,1.1901522220774916
1.9929398082735104,-2.067954656722922
0.13296200641608152,1.3613398275613797
0.3769333064689152,-0.28753557199651014
-0.5119781282953428,0.7171029785377012
0.8546308054735948,-1.4485388272388824
1.7647368463188857,-0.7196266682354904
0.5196905611305238,-0.6267971883314745
0.4987169579704747,0.03875186507896905
-0.6964555659533151,0.2660975982834136
-0.5592674220000159,1.9375790357470546
-0.4177372293188433,0.43708435937717005
0.054320496413401524,-0.43776439366872166
-0.39595294603532,0.5099500696369251
0.8430391823120471,-1.3274034553679257
0.003316331191660149,-0.5496218994192742
0.5991997821676278,1.1628147873418777
1.248392680320605,-1.200430117063026
2.0255285887309333,-1.5127294371603923
1.4546060991457546,-1.8418598754814404
0.800006388602188,-0.4332823935891414
-1.9102819574814087,1.1854877529015622
0.12266704351580819,-0.7955597056773671
2.1905942824051765,-0.40282704677637193
0.9755427492928062,-1.2476176832210577
-1.0326945280521203,0.7890320089046886
1.5055817492262091,-1.6914529613893852
0.958477152759235,0.42822555473858015
0.09699385253274549,0.045564262594387964
0.49250507217023015,-1.7496459277934364
-1.130459359247092,0.4582206280909065
-1.057164188775348,-0.15189630289757747
0.9624174820855299,-0.9016934000181481
0.2493973354972499,-1.3352458367963096
0.1552795192612901,-0.774420257511509
-0.800649178596755,0.3731730253790798
0.5452206409396851,-0.559452677046139
0.9802761127250085,-0.9249385510599862
-0.34964578414663444,0.35602676566939234
-0.6879633090379147,1.347786068500994
-0.3371484273408556,-0.07852189104334914
0.035790516874128084,-0.0031579527583344685
0.6214476609202835,-0.080309000367714
0.5413222213749225,-1.3896620007529257
-0.9742969302176656,1.23448996320019
-0.6896792558375567,0.44491660422817064
0.8272217228927868,-1.5217824636741362
-0.15980476367932567,0.15327859072230304
0.7432458561997575,-1.0654838839244585
-0.8431989588418324,0.5839193790434402
0.5335828724698299,0.09441579084135217
-0.7967239421166273,0.7636857251041617
0.3565748968887644,1.0168654822351317
-2.795771239433531,2.638428127843511
1.5879851628169395,-1.0747966223765684
-1.092939597244909,1.3950377409726253
-1.5788819535173886,2.16345531467936
2.3435471703208623,-1.487111697896101
-0.693409898624313,0.3810953664128049
0.4078529549391062,-0.05480917753626134
-0.7534174574178485,0.99398534395793
-0.25706065526605587,0.06737104274772579
-1.1851911041710612,1.5346122766930286
-0.5599691234849669,-0.386574128488925
0.2658184622381953,-1.4056901110496662
0.3748374338482683,-0.877103148533761
0.6453022251973932,-1.5375561111998288
-0.14112856827054937,0.3880947408669609
2.29377344936113,-2.341479649536334
0.5086705876205881,-0.5922835906168031
1.0957681403458015,-1.556304611722595
-1.827976013078296,1.735110958769693
1.43026583246969,-1.0906386839574593
-0.610208003342693,-0.10629989347293829
0.6631599073261223,-0.4110248205400717
0.14744969845919373,-0.48317043811781213
0.5646763370254534,-0.7073235784939386
1.277207695193246,0.2886199789933304
-0.45335353648887355,0.10871863207698704
0.17496617309125945,0.25106706848029164
1.3863728714959758,-0.523662981816618
-2.045997770679043,0.9331756870363095
-2.124072838733358,2.22247211237266
1.6746847650012506,-1.742837274784091
0.014455754718726763,-0.056600443266606
0.1700273969494677,0.06102192351888849
0.7044187201968694,-0.032296195448471295
-0.4322975384646204,-0.06472479038006576
-1.1441290664019559,0.19329202590100125
-0.7119633322906961,-0.10580059505661932
1.6758138648533596,-0.922623258649785
0.2098400390506195,-0.34570075017836027
-0.2863271030425135,1.161532103462076
0.14743420663686968,0.1375605243695636
0.42238945805085826,-0.9526969927393301
0.5585482346959453,0.3850395918042039
1.1375909363596346,-2.338930245717336
-0.14546062340684004,-0.295937695085908
-0.21404452343604335,-0.09772691583195289
-2.2538529586755884,2.723357909851759
0.7711805247372827,0.2682297825736488
0.11395840060275532,0.02432713845314209
0.7187074440444006,-1.3426506529103062
0.14396459185068738,0.4038999121076597
-1.016945249608161,0.3229793990335998
0.14126651463703707,-0.21471281391649474
0.3319204797372621,-0.70944711446444
-0.2520372733771231,0.24444991101836439
-1.2715401821148373,0.9301929395788263
-0.4822918687678749,-0.3232812106186122
-2.181948901174507,1.9324085779222393
0.8329074025236414,-1.0527660836031976
-0.062135268314081456,1.317665685944408
-0.02500403732614891,0.6785113979491008
0.31027153617717496,-0.23092582316777757
0.4912140871629275,-1.220500728194088
1.3061032755160318,-1.7209022560942715
-1.488821831168783,1.5142885465070932
-0.42197899839023006,0.057757499380583895
-0.19961129579817,-0.75920538221728
-0.3649661516339059,0.895111270160173
-1.2880819285503506,-1.032926388291012
-0.5785632169122592,0.1518327472157918
-1.4008000904106785,1.930144146291316
0.6815716190814841,-0.8204603530338451
-1.0941309081300563,1.0212861780928457
1.044057964656744,-0.6480317862749451
-0.3415905976646534,-0.5309339556415067
1.619681158715419,-1.2343118761432663
0.17912867125323934,-0.5043220493100982
0.001834498240989579,-2.0132197864314656
-0.003970198249842755,-0.5589176939589446
-0.7542783909472734,0.5926170389182197
1.4042429690329268,-0.9971102956578607
0.46202109536425867,-0.978419259843085
1.597778001639382,-0.5993546962763653
-1.1340074131537137,0.047264318597330615
-0.04767377395230723,0.02596073841012095
0.24768736839709063,-0.196521746382439
-2.7776928325041115,2.548728127484839
-0.0009504911021057289,0.036777538913573646
-1.3621230313822785,1.700759258394501
0.7318666097602501,-0.01259942983574469
0.9676447130693457,-1.4443892460296044
2.4045700339413627,-2.235666295473749
-0.1857228097602607,0.28718710920061413
0.382668694870989,0.17965237787532679
0.8693776301694968,-2.0890753742194272
-0.728201325790083,1.5669940147122283
0.35730230954779674,0.3821334305354807
-0.8730375053214822,0.7057772014645126
0.0331705288821281,0.45485772259170665
-0.0856077668196972,-0.24339486670815033
-1.1906316791789568,1.37140786078325
2.1850944095385616,-1.4221636795524994
-0.46386452175158355,-0.4108163398161101
1.4597794843759875,-1.6417028589427987
-0.38095698998460487,0.284345099163757
-1.1817027341738593,1.1622419336571717
0.15408763966073993,-1.5634318302651358
-0.8321057965175589,0.3119661459620316
-0.20777443050187588,-0.2301967804330287
0.4051375649310538,-0.6595022012025531
0.32259337175998326,-0.9358075984742548
-0.3575998199653854,0.6266786958687061
-1.0456373060091269,1.0195798493119173
-0.7035177496952932,0.40082985313087127
-0.883103871009914,1.5334175608291412
-0.684886966638314,1.6077009622908194
1.4241453981831478,-1.0415687218524343
-0.7481730157202664,0.7571557632125689
-2.1190613881473337,1.7473170615532554
-0.7731030731283735,1.8036264589168693
0.16794855749761353,0.0030693428628611103
-0.8647545266762313,-0.13358456766183882
2.042046988944949,-2.0812842259034214
-1.1045082582103345,1.1471826903187976
-2.260233825670129,1.5098918929968237
0.4411148736512787,-0.703782927182047
0.0972303752319065,0.2512609396411785
-0.8149426206743939,0.17215027681093012
1.5961174746928692,-1.5547260014349649
1.072158485764429,-0.6998561723549451
-1.4796820182626722,1.005396015543064
0.48018272387350625,-0.7578204412462962
0.5769697198661464,-0.9139653716686104
-1.5316237453032355,0.991132888889319
0.5662947687235235,-1.2339816513546573
0.10846199952978691,0.8353816343800984
0.5720857084701034,0.09937176900635472
0.9692189593732716,0.1683231796522156
1.4364903769105002,-1.857753719825007
0.7721942019783379,-1.536857416299359
-0.37243812513190344,-0.45412681789410964
1.0677106874648437,-0.6902905665911753
-0.9862048086289553,0.6191164802554353
0.12518289729493684,-0.21740636043847075
-0.07024503697752313,0.11452346596766108
1.5468320114806786,-0.5784771009847668
-0.8163063884755212,0.5623892203063469
0.9336653010550199,-1.0042729100376526
0.43101776066055975,-0.22976709592913858
-0.47808948554174097,-0.5577756685558259
-1.1418664908057368,0.08782307507632946
-0.7325223018321632,0.4454453524978925
1.2455936616000816,-1.1164556830973769
-0.12484138157059274,-0.5223781728264785
0.8570141095233464,-0.33658083450862664
0.16282340480146407,0.5895179865661816
-0.733189237284634,1.21712955039828
1.617219308307387,-0.8733495598242399
-1.8588835253938296,0.9721698527186776
0.35241933554004296,0.4492682573373414
-0.7916840870967277,-0.43714300635241243
-0.33337560255889986,-0.15937266526224853
-0.7371073110791692,0.7191686805534933
-1.1910088235856138,2.003053681018034
0.41618030579121157,-0.8220325490711596
-0.6817268532858369,0.5753130846822654
2.006280782342566,-2.4963916085102476
-0.22302681957125334,1.034431722934037
-1.4197252359273225,0.7821112765848388
-1.6751730635563677,0.8498427260716794
0.6562568569917233,-0.18171549622548863
1.6688937955379122,-2.0459640973908844
1.4856963162887122,-1.4067649355046894
-0.14130418609269887,-0.7117074197950833
0.7230311121253815,-0.5949727338824363
0.5106442540308498,0.12612935551339982
0.4582502696178521,-0.12384609644085774
-0.04248581694325894,0.7883416803327569
0.5683820705971008,-0.038377987936458906
-0.8568434648576972,1.2876360655849908
-3.125643075572247,1.367057458207641
-0.33615559976987625,0.3010636884169641
0.6199703666045057,-0.4873460285083128
-0.1350329792783268,0.5406757484464557
-1.1466894233833365,0.790376336028435
-0.005036662206235611,-0.9446422402070326
0.017106018279860156,-0.28469026143811704
-1.2170689202942129,1.7705360463877386
-2.210376589704149,0.920800631041269
0.9721234267802079,-0.9219830410543348
-0.39319129113140816,-0.7432634975483873
-0.9354174785286661,0.5146493515554434
-0.14785505758641962,-0.7784936389837711
1.3043476112611663,-1.6316702195250665
-2.188813859961533,1.5643519194083708
-0.24384139068585325,-0.05733187367940019
0.022305340509686283,-0.13118395173877134
-1.9283813860655334,1.7943826129735585
-0.8234563691855493,1.1647776869336892
-0.060860484840469256,0.2799540238824331
-0.22370455212384935,-0.7795503561910176
1.4826298595762946,-0.6673009972787611
0.8343080524691182,0.6839907246405661
0.8902991573027909,-0.5138983025829228
0.2468271395183725,0.19687784418443277
-0.7256559060892601,0.4819404430340248
-1.155357678931001,1.354801703424344
-0.5477834985174188,0.40962764908060056
0.8003880735343054,-0.12863257243560106
0.17015847232312184,-0.477633444126334
-0.7626501927804349,0.9088668134812871
0.6165741634438205,-0.7220499691281136
-1.4339047546672334,1.2691188797673838
-0.18658570095959698,-0.2416097740039575
0.7373448171622249,-0.9271834518310206
-0.5328087542421623,0.31433701466190994
0.651055821597654,0.11744053498190521
1.4066617272264936,-0.914240231864609
-0.07492588493703997,-0.4844432271035098
0.9376489319727729,-1.5694022539801942
0.4625085481805851,-0.36583620951550205
-2.4459192697915193,1.623926648125906
-0.32524825708038574,0.16168720460101388
-0.4766914349780656,0.6800015999666916
0.7078690612566719,-0.9014992819716191
0.11333089500449516,0.17821796878593013
0.1679933574899344,-0.0032001373570462524
0.23500159684527017,-0.9728694278455805
0.04851700929132652,-1.7227148476752658
-0.8827694030687979,1.052555381474655
1.2726306118771302,-0.430893009357567
-0.22388885359295252,0.5137085459066902
-0.2584828827485103,1.0313160447804834
0.19549179429293875,-0.5105174463345797
-0.736225065740649,0.9127482130365214
-0.48601847532803966,0.014928712936702632
-1.0690223866656214,0.5301917191754666
1.020005470097242,-0.740809290135801
-0.17058542088480463,-0.5199087376096415
0.5137406232964254,-0.9398181852690588
1.1583744360860986,-1.8292771875044407
0.9629522454948237,-0.6858150079959148
-0.5218935158916932,0.1637225308915016
0.06925510668119741,-0.47866507622123144
-0.16917390165695642,0.41089017589549254
-0.6788173731522001,-0.3814560249603835
0.41288864416240845,-1.5308382547083055
-0.8753766464093781,0.8211123171336182
0.39177761664643884,-0.4206784562529451
1.5130865135156994,-0.3089683805142899
0.3749722518500603,-0.9835547995746681
-0.6393876277019026,1.3451775032284232
0.5081404846014638,-0.6987374813293624
-0.9152003742469502,1.633009434274977
0.8158510175592333,-0.2773291153059245
0.12494859738972328,-0.02280201183494018
-0.9946036410326212,0.020099319177733065
-0.2135874558680585,0.10166484114423081
0.7129562699101065,-0.06999220099815284
1.8114021772633702,-1.7853008992482617
-0.0437015062506255,0.08929892924873647
0.3983545302078134,0.4360478455405481
-0.5778349963559608,-0.2673313210126743
-0.8759164414673878,1.0817928344496663
0.29401932248320495,-1.0178637259389507
-1.824493700333964,1.2189222389092467
0.8782664746714381,-0.7449228263726224
-1.017674366903194,2.076146932681652
0.7753237920714449,-1.2214684752739922
-1.5014641539723177,0.7167858349631342
0.6400858928685422,-2.22066964769851
0.02518204905827659,-1.0522683090261458
1.4481482797655139,-1.001469059711224
0.31593771992869546,0.11422251943615333
1.3734775051074475,-0.034874366166115424
-0.3874215392585374,-1.8181253303324347
0.15937391803734677,-0.1537201795823218
-0.33493510867555626,-0.8226574169028548
0.43951371850899057,-0.05611927360641901
1.9812274435801818,-0.6632665614782145
-0.018114754582521486,-1.112890331908539
0.2530861881767548,-0.12730066479120486
1.4797445944361725,-1.2715909738059668
-0.05524555494439256,0.06217744011291405
-0.24132194561211778,-1.0013309813795148
-1.250050702199571,0.35647081494327043
-0.9291812959275875,0.14902965200120094
0.8193102932233741,-0.47455346887972377
0.38350786710276513,-0.4093151969160164
-0.24757434765853886,0.23368891383209278
0.4072766090172753,0.3089459799836068
-0.03389376366325302,0.26353759923659376
1.5688025932172653,-0.042526806368331865
0.7936124283708496,-0.5075203762905068
2.0365913155818185,-2.349542096287434
0.6804963637586221,-1.3026398049762167
0.16609362198267805,0.7743415308413117
0.5785536060183541,-0.2894667963723225
-0.0031318888011735765,0.23246467806065446
0.921152767024317,-1.0788703556638055
0.7421052144945685,-0.11750165629560963
-0.12375458616004083,-0.2637158047085804
0.9109227612697187,-0.7498714116868171
-0.5687907065479975,0.946633495762477
0.2038756810640787,-0.25919098128706614
-0.5659808777218199,0.34285518928063446
0.3766603541732033,-0.09959599570281923
-0.693407155345113,1.3947345628114503
-0.6630694767438886,-0.018742394482693495
0.8397968788676813,0.19552973417840233
-1.676187608488343,1.9680820090399331
0.9024933667010594,-1.359577573956413
-0.7453365390082444,-0.05721089786774736
0.8444040759416263,-1.2891149497569745
-0.10750131488612642,0.7297641751588313
-0.40436502762671256,0.7093958252959232
-0.5913496224443336,0.1971513451165999
-0.15865405533223387,0.08629821065470454
0.07347780769118695,0.0289894855656572
-0.11261121844913616,-0.4777129144080612
0.19769333022051816,-0.7717535083362432
0.8803050475869847,-1.0277383773395379
-0.0719113563497012,0.38077224240695645
-0.9049898665544438,0.4416372414149947
-0.4751611280216046,0.6087731142007444
-0.1666735776645878,-1.0309612103624701
1.1961370837363834,-0.6675361793207558
-1.6641821949361075,2.1594024518839463
0.6128893486035426,0.8840372228087784
-0.540578147372206,0.6565938230982715
0.40036397178702327,-1.3557682408360698
0.8795173482690699,-1.7869401164379397
1.6648635978647561,-1.1449172891098025
-0.1569416200331438,1.1208606432591757
0.8063764839107451,-1.432841706075862
1.1335213307586343,-1.7653903229378773
-0.3393045253411355,-0.03996931802638474
-0.9585697299307987,-0.38716219966796567
1.8389535098645264,-0.81474524420154
1.2986722753892894,-1.5147860354481621
0.38861352288523643,-0.5801505712846549
0.7809947646488966,-0.38369372796594353
-1.4238198159380586,0.8883246397696769
-0.8064935134107302,1.4504022037465587
-2.4158888994699965,2.1527937829212287
2.051265171954176,-1.3874831855209655
0.3874309034787421,-0.6099799965889898
1.2599596770539379,-1.4632173112682445
0.277554043757354,-0.1860099589752306
1.4862890976126022,-0.8882545709600387
1.6135325141952184,-1.4917842097928238
2.7104961473724907,-2.3317906284549177
-0.20142507516390615,0.8619483341005707
0.45954747319751615,-0.8096041985381776
-1.0720377919587134,0.12181395872127546
0.6885270632800471,-1.3078469550559675
-0.4479833881411997,0.0577995882488675
-1.7901236197726185,0.6616855323644235
0.27143784262069826,-0.9102732737692647
1.4412228471480406,-1.8753860492168617
-1.3259866335670507,0.42473978888708347
0.12102022340892116,-0.2085172674455118
-0.19965247332877734,0.21410490818658318
-0.3238603429799365,-0.14106635656895847
0.9564006608353105,-0.17418098375739727
-0.08447696922648326,-0.34850925833280477
-0.2540489815365813,1.0932889968485653
0.5008799812480601,-0.848667183860003
-0.5189458856745234,0.12535559571623978
0.2698518642142781,-1.1853664917458366
0.470293915944271,0.7618034574188608
-0.4311881136627095,1.007746157411764
0.6271591150162938,-0.2745437752160163
0.33573695749436583,0.09912270428063981
0.0017210859200692662,0.2068529648776559
1.280771079712813,-1.6951758036581044
0.5615061042286912,-0.6426334677627638
-0.14407944210755366,-0.7429393151081367
0.2688034747492389,0.5161227699886146
-0.664772789723525,1.3240346058521097
-0.912673847417825,0.8091424622845463
1.3303201193581484,0.07656617635014605
0.9196013613576736,-0.8150839027434326
0.7659108101318979,-0.6671566390572883
0.44193892503084925,-0.7073942812129914
0.22731890847729397,-0.4827061209989214
-1.2795391447643525,0.7399535334970145
-0.9784463953315684,0.5615040688803404
0.44775058907747084,0.16403232313679866
0.3626537887089281,-0.6938735538108528
0.8348914320471607,-0.6918204264686917
1.2733234904142048,-0.0027524104502004145
0.41052305555070123,0.17725003592946367
-0.16799266055689807,-0.8629229678278403
-1.531276665217867,0.5889463713034983
-0.9378179749914356,1.6537333785510098
-0.41538922381110255,0.14087707883505407
-0.08013816971473735,-0.8991110692797484
-0.6654613086989,-0.1110130407358595
0.37504667621702537,0.12280544264861482
-0.343088581591038,0.8282245260688347
0.22156862117217208,-1.3470788917431282
0.6008410937553414,-0.29258244332667815
1.4903574521206207,-2.166503168011435
-0.4646482974914362,0.8639493402877868
0.6537921529772548,0.6700853497037236
0.1839223768110447,0.06000104803126881
1.3315837938986017,-1.0010137443642702
2.4063848015791076,-1.3827777558481544
-1.6183430330737127,0.6867980564243107
0.5551557844753954,-0.17260927141497232
-1.2267535959810019,0.76316705946762
-1.0155145610858851,0.485055257788342
-1.9384376842234778,1.4036977059909734
-0.6177570368069112,0.5451988789415834
0.931585789211417,-0.69082520523658
0.9237990283474691,0.2276372789928511
-1.829105566144913,1.5475546721868274
-0.4828756939658856,1.3603888658437289
1.3907924981046342,-0.9490912951423831
0.897536033499709,0.6440849514912188
0.07111560650836267,-0.7044751308111786
0.6689748586765218,-0.3575813999843718
-0.5991297815447885,0.639880134234249
-0.5389184264336998,1.2746965641975623
-0.5111403100473138,0.47799107481159525
-0.5840567444317181,0.9398828920360406
0.801133335834645,-0.3932974443022349
-0.6714387779006229,0.6128654456170711
-0.07168211604015515,1.2111694628551202
1.2953043831628417,-1.4964630209315883
0.1855791346178861,0.9604704843916969
-0.6841308712338422,0.6282600272092483
-0.897680185037707,-0.5301497300438948
1.119543940074915,-2.4781144926008247
0.4922605380420959,-0.7902157391220892
-0.055754390121651884,1.0606108080062653
0.7231273156395863,0.4282406898906499
-0.3220008580728753,0.43289787089450843
0.2911988295723595,0.3262957463597082
1.041131611744863,0.6217327317242779
-1.426773182932929,2.1917175581604322
1.2532822860290929,-0.5389676633590199
0.1171360264954241,-0.13074689841501888
-1.899196555457989,2.55419268868595
0.869084402869715,-0.8567648274735012
0.6677218793214683,-1.4622411289586883
-0.6928844115297383,1.050523915698235
-0.7999887404827263,0.8032969637325352
0.7876918942218897,-0.8352149973191781
-1.112618257659842,1.3018738769936251
0.9532823943725984,-1.2311670012269162
0.6795397691310977,-0.394934147598152
-0.5862287102373496,0.37089224670805987
1.5843324941119696,0.048844786036542326
1.3129471811425302,-0.5032735197081737
0.9360579686169925,-0.6000940143661693
-1.0904766149810483,0.7490682963889089
-0.1917396086787179,0.6719891418488229
-0.3396245675873432,1.334974342366114
0.12514035060656495,-0.2108932835722633
1.0643381385218575,-1.3305781510345869
-1.286904845971658,1.324444870313618
-0.31184067143230865,0.7052050064717433
-1.1283538126983568,0.7731860284208706
0.47677596639465786,-0.9927521866257443
-0.7111327675416138,0.6058988496510956
0.6561948274291551,0.03379407199566324
-0.6091263217413091,0.8194398298142102
1.784256210949046,-1.4007507082549642
0.7114592318968246,-1.3135428355945946
-1.260148650159225,1.6213867679890168
0.22634437961922982,-0.0284794266396493
-1.6330604401093385,1.5908019764371792
-1.0810763141962414,-0.24590780633946052
0.7559292290730498,-1.355611237853667
-0.1533416287090088,0.6635683526487018
-0.2008054604365239,-0.5025553410506564
1.2274946721465076,-0.533478804619291
-0.9774442175399024,0.30649703539940115
-0.1128172920294384,0.6440531482558803
0.46504444503738057,0.3755033896390391
0.32235924574607683,0.18735378993038715
-0.6007148124842153,1.1869944726136954
-1.2054460988188684,1.574834657397194
-1.035492082434952,1.53482437168038
-0.5130799969387726,-0.41967862925607524
-0.6943404765823146,-0.5186305715560139
0.41266423685557363,-0.7401366217489834
-0.8579936240252108,0.1270406698922416
0.6258406065085407,-0.498766670868906
0.21527284812876457,-0.22939217623483765
-0.7311083939615909,1.805180528985688
-0.44723609979681517,0.2526213067490684
-0.3811372771163355,-0.5390611055520754
-0.6472670854062834,0.26704705081616176
0.09426953815233044,-0.4142995212954768
0.6008304127522622,-0.5530174561918847
0.029614469313441798,-0.9737285288071539
-0.6279161941018467,0.7444996875260106
0.12908587659164297,-0.0874609825896604
0.402218539354303,-0.12466043618826267
0.2580834606430324,0.27217816130600353
-0.21984482622912596,1.0134204185498574
0.021174737428535133,-0.3011111348234151
-0.8672280733671057,0.6977472482738466
-0.25048488574762706,0.7474919701774954
-0.254741733478654,0.7749746588811479
0.7961418021172832,-0.7712543298838848
-0.8739660624194084,1.8224493349034265
-1.113431344818716,1.0107007887837587
-0.46765473051992207,-0.5773588835809845
-1.6080978557172803,1.064482072616024
-1.8779998520633117,1.1095395702253426
3.2908831938639707,-3.155503654506299
-0.5063762983645014,0.5576598973224675
-0.29689741551953125,0.14944396080924108
-0.9550725364032399,0.701502706945384
-0.033405150860560145,0.2144031040414478
1.052246591124512,-1.526922903364502
1.6397404490406966,-0.6778356058598034
0.42004546023626216,-0.2774860992423473
-0.7765135557028328,0.7919362647772997
0.2968408363389318,-0.7185031926288866
-0.07393823797313252,-0.438233001864166
-0.5361267260762232,1.5491724378751324
0.0037295437725525828,-0.21163783168139969
-0.5720977501509574,1.1479956348022087
1.63476765042325,-0.3470142780686068
-0.7411896252570647,0.34079200166192963
-1.3086967162680192,0.3956034106416095
-0.3525522284598239,0.6037841684570073
-0.4805301966640523,0.27965720920108905
0.20017757886499415,0.049780890867767734
0.5352294545701506,-0.21697217100105576
0.4663859449345926,1.0231249617772278
-0.22828326540921512,0.4690589118532769
0.17005341417068587,0.6531290391520359
0.5717926359469988,-0.8006908941467245
0.35171715760737726,-0.801091589829472
0.9420042632229004,-0.7204403083108486
-0.7129215438830248,1.252939875266396
-0.48625534223354505,0.2660992584667293
-0.5380758657195924,0.7269366620107115
-0.10984934725907808,-0.2805846038252623
-0.6019891721041438,0.03861918683840863
0.6662363937620518,0.4695860479263113
-1.0888457958390163,0.8651119055959436
-0.2284202112651854,-0.4402918428165752
-0.9530906002131437,0.8477994719293794
0.4055042942876488,-0.885540374373462
-0.38473426401754757,1.1301390449517374
-1.196129301657395,1.5250648166076548
-0.23268341793539657,0.4396166406626535
-1.10428288571872,0.45464948680270073
-0.8843755360606969,1.1952644632587937
0.10650375919862899,0.7862035606025162
-0.43899847811311155,-0.23398838104693315
-0.8826079588647223,1.6588967340211587
1.4769996934188407,-1.0129769122302341
-1.2645211947573936,-0.6647280628349163
-1.737728486276277,-0.5530842761175736
-2.5347261833860597,2.66595118157167
1.8706189554822108,-1.0947471017559607
0.6442147291346759,-0.5485406327981247
-0.43181624801128127,0.10730641196781221
-0.6285763521292203,-0.3129431011587726
-1.0381469675565242,1.088950895709204
2.169102564697085,-2.023563170514109
2.0568485618536116,-0.9577396697202314
-0.11990453689961304,-0.5732047936613894
-0.28888400392259234,-0.11998116183791527
0.32769282981581926,0.025119692674493956
-0.6901076316486222,0.3989730530963952
-0.3776008620464776,0.342152698810098
-0.6684732181631776,-0.09212971421324105
0.6438325466231132,0.3268646769062084
-2.100892953669044,2.6780192161332543
0.4278689234913225,0.009354311509227616
-1.58790445607291,1.4857688170366066
0.47433940053824264,-0.9934758568204816
0.02082639086918163,0.7403888038112703
-2.2035174384916316,2.0542158922578753
-0.7278686893135562,0.8790539051850927
-1.109924596250466,1.5376946960942182
0.4244300102971456,-0.42702532947053334
0.862876610183906,-0.9773850586763457
1.113631428971852,-0.6906010836120645
0.03484680222046869,1.1751951568437558
1.4442208233953846,-0.9499438472842509
-0.4584123453346907,0.7060044975616994
0.8504264314277824,-1.2428453532024044
0.5416313310177864,-0.5715352410009765
-2.458563642419682,2.1794150889177684
0.7887311867203747,-0.04475125047791398
0.959009857978318,-0.9258549843987509
-0.4175602698849326,0.254618572217767
0.4113478111011435,-0.4112417458821386
-0.21860204982029827,-0.2421238512420251
-0.6037396753976898,-0.07493562105772056
0.9436017644159597,-1.1259383585189586
-1.7272790273766292,1.3293684648959756
-0.17189239876142223,0.4088401890738085
-1.4297363793987465,0.6552066858843848
0.8236883471788443,-1.532700031445345
-1.0049580225919013,0.503549496001972
0.4109941626772981,0.15593811422304957
-0.7879174428824168,0.4668133377431149
-1.4810659138206714,1.092904233487953
-0.42847368046086387,1.5383955453018623
0.8367854417348296,0.3826059614635124
-0.14399207531582317,0.8941715278846708
0.29811356996104404,-0.36587232463525016
1.0639585709387895,-1.7223302469717554
-0.50602751904529,0.01272023939377714
-1.5489431166896948,0.9041161546218199
0.08402382879158903,-0.4084860148080433
-0.3271582106740983,-0.07846231969811805
-0.6231443447810091,1.274681967659354
-0.27024849900793385,0.6068284826143067
0.02298175085041414,0.3860419515237512
-0.4777642256332408,-0.17670760902068217
1.484831628568938,-0.6824617032329997
-0.4250682712276862,0.772300960209778
0.594328420703897,-0.5440452903330846
0.5104991144559033,0.11268542949571365
0.18742400215247298,0.12942438001504614
1.1965894421604992,-1.4202131535582176
-0.8153995127272763,-0.4949306593865897
1.491162377989894,-2.1502168655557377
-0.2934997483451209,1.492229965582404
0.9037326101074479,-0.4069810391709325
-0.18262789370020172,-0.7158671443163297
-0.24029247387611843,-0.09160465351163999
0.3453875963854968,-0.6155238408040601
-1.1320286534839865,0.8653404566584754
2.036250245527,-2.6682574222672053
1.3561259634840777,-2.067664739950203
-1.760454876149846,1.7120165872631585
0.26071612905848474,-0.37343443530567955
0.14988842290637505,0.09690309242581288
-0.5470719054736846,1.2814660726681975
0.5007823104049004,0.28317834815552756
-0.8338362522470902,0.1870784673789602
-0.06936813984193285,-0.4127245753820397
-0.3492432335897302,0.40187168039824517
-2.2017421467670935,0.42773640829416115
1.5945675503476189,-1.5755059175271378
0.7248292029880146,0.690346456000114
-0.24866806324331842,-0.11579948456124112
-0.42768594002667415,1.586833477922454
-0.3121701713110986,0.14873033185393794
-1.4553397736378937,1.2258180111937902
-1.663210134865011,0.842557883961014
-0.4841256085395909,-0.8278997791050495
-0.0180968197770316,0.1216731468071699
-1.0287700025251958,0.8915067057737743
1.0324498157643738,-0.677703124562351
1.2514398905185538,-1.4986916480280528
0.7499232361915119,-1.0379271918530653
0.48987441891737116,-0.5030710274520397
-0.6770940375125013,0.6467390041391924
-2.3448492723576955,1.0812240755913485
0.801238504145381,0.22237953747873695
-0.293307008712487,-0.019964829877163116
0.4980381062802867,-0.6242494736776342
-1.2775121222739474,2.0765824218934528
-0.9116752604388823,1.4182106977840592
-1.5064927641290113,0.48519465846609217
0.0983988884597811,0.6095771212213713
-1.0184279134704184,1.019094364744063
1.3664213091003847,-1.6952458215187902
-0.7581195918033147,0.8888716533817352
-0.4986769541808668,0.0771997093571966
0.8532589183505322,0.19855088340405608
0.15555567338440804,-0.22598902480816244
-1.631635835938782,1.1833578860717608
0.3035052220797637,0.10195930466912174
1.002457573305501,-0.2855700189027621
1.6204047535423671,-1.8769568867378161
-0.4018737107390178,1.5261152311657795
-1.5138311602010481,0.536919043260008
-1.765399835326378,1.1474954364125287
0.9819511207762233,-0.4799309041244741
0.8234912682010473,-0.051580688796487195
1.0690774275136221,-0.5968141411893502
-1.3800847518199806,2.588416300235205
0.544144240687298,-0.7845069013995192
-0.7337902062983752,0.020329313035311283
0.499909618655743,-0.09036209165906996
-0.4508843895034098,1.5170922024214335
1.4586397850821666,-0.8116822872580771
-1.371361665709756,1.7529602156050248
-0.11643858409800836,-0.41421515103068723
-1.9886009034822218,0.2961777667965947
0.17821377198667795,-1.0301125621364748
1.5062314289264105,-0.8545068699930157
